Dataset_ID,Naive_RMSE,Naive_MAE,Naive_R2,SIR_RMSE,SIR_MAE,SIR_R2,SOUP-S1_RMSE,SOUP-S1_MAE,SOUP-S1_R2,Naive-SVR_RMSE,Naive-SVR_MAE,Naive-SVR_R2
India_20250721_015302,6072.587504910991,2513.0816186556926,0.9913513811930265,72232.5513123876,30882.0720164332,-0.22367222362728145,71852.59686829607,30424.2448417882,-0.21083266961678926,9834.958956861703,3870.2653841149004,0.9773147120514716
