{
    "Dataset_ID": "run_001",
    "SVR": {
        "RMSE": 716.9208536374271,
        "MAE": 701.3390037737468,
        "R2": -10.825474152711967
    },
    "Naive": {
        "RMSE": 64.7575606911399,
        "MAE": 45.708333333333336,
        "R2": 0.9035156002845305
    },
    "SOUP-S1": {
        "RMSE": 305.79357698492294,
        "MAE": 296.034124279229,
        "R2": -1.1514579132696037
    },
    "SIR": {
        "RMSE": 3490.32285357034,
        "MAE": 3449.2547256939815,
        "R2": -279.28982892866765
    }
}