{
    "Dataset_ID": "run_018",
    "SVR": {
        "RMSE": 36.155813565445754,
        "MAE": 36.15376632544375,
        "R2": -8243.492647270288
    },
    "Naive": {
        "RMSE": 0.5725983343138682,
        "MAE": 0.26229508196721313,
        "R2": -1.0677966101694922
    },
    "SOUP-S1": {
        "RMSE": 2.8665301127943077,
        "MAE": 2.782247015788631,
        "R2": -50.82277623152189
    },
    "SIR": {
        "RMSE": 0.4246502900652006,
        "MAE": 0.14754098360655737,
        "R2": -0.13728813559322073
    }
}