{
    "target": "Reported_Cases",
    "train_frac": 0.8,
    "nlags_local": 3,
    "local_svr_params": {
        "C": 100,
        "epsilon": 0.01,
        "gamma": 0.1
    },
    "SOUP_feature_cols": [
        "Day",
        "SIR_Base",
        "Susceptible",
        "Infected",
        "Recovered",
        "New_Infections",
        "New_Recoveries",
        "Reported_Cases",
        "Beta_Effective",
        "Season_Index",
        "Intervention_Flag",
        "Quarantine_Fraction",
        "Reporting_Prob",
        "MultiWave_Flag",
        "Target_lag1",
        "Target_lag2",
        "Target_lag3",
        "Target_lag4",
        "Target_lag5",
        "Target_lag6",
        "Target_lag7"
    ],
    "SVR": {
        "RMSE": 349.5550700997749,
        "MAE": 244.95701648066586,
        "R2": -0.7459080236312983
    },
    "Naive": {
        "RMSE": 354.7554412224329,
        "MAE": 269.2692307692308,
        "R2": -0.7982425932974726
    },
    "SOUP-S1": {
        "RMSE": 356.099735326506,
        "MAE": 265.1884758440784,
        "R2": -0.8118967717226853
    },
    "notes": [
        "SOUP-S1 uses pre-trained hybrid residual model",
        "Plain SVR baseline trained locally (no SIR_Base in features)",
        "All predictions clipped to >= 0"
    ],
    "SIR": {
        "RMSE": 1608.4688843915876,
        "MAE": 1527.7389538978573,
        "R2": -35.96710808884866
    },
    "SIR_params": {
        "beta": 0.14961546081822777,
        "gamma": 0.08447192079799082
    }
}