{
    "target_used": "Reported_Cases",
    "lags": 7,
    "test_frac": 0.2,
    "svr_params": {
        "C": 1000,
        "epsilon": 0.1,
        "gamma": 0.01,
        "kernel": "rbf"
    },
    "feature_cols": [
        "Day",
        "SIR_Base",
        "Susceptible",
        "Infected",
        "Recovered",
        "New_Infections",
        "New_Recoveries",
        "Reported_Cases",
        "Beta_Effective",
        "Season_Index",
        "Intervention_Flag",
        "Quarantine_Fraction",
        "Reporting_Prob",
        "MultiWave_Flag",
        "Target_lag1",
        "Target_lag2",
        "Target_lag3",
        "Target_lag4",
        "Target_lag5",
        "Target_lag6",
        "Target_lag7"
    ],
    "overall_metrics": {
        "SIR": {
            "RMSE": 331.9187420561533,
            "MAE": 91.24741483163831,
            "R2": 0.46950951333943125
        },
        "Hybrid": {
            "RMSE": 32.36411092443482,
            "MAE": 9.30513494611379,
            "R2": 0.9949563910085303
        }
    },
    "per_dataset_metrics": {
        "run_001": {
            "SIR": {
                "RMSE": 1381.1174756374292,
                "MAE": 1243.1033184931719,
                "R2": -42.88714987917666
            },
            "Hybrid": {
                "RMSE": 179.3168991157291,
                "MAE": 173.35798572190924,
                "R2": 0.26019276038322114
            }
        },
        "run_002": {
            "SIR": {
                "RMSE": 42.5354985535643,
                "MAE": 41.660895777432884,
                "R2": -0.06674867039411025
            },
            "Hybrid": {
                "RMSE": 18.921862835720454,
                "MAE": 17.071562894981213,
                "R2": 0.7889006795938107
            }
        },
        "run_003": {
            "SIR": {
                "RMSE": 1.9510451856483322e-11,
                "MAE": 8.979012629840616e-12,
                "R2": 0.0
            },
            "Hybrid": {
                "RMSE": 0.0,
                "MAE": 0.0,
                "R2": 1.0
            }
        },
        "run_004": {
            "SIR": {
                "RMSE": 820.6702963175862,
                "MAE": 687.9006628114549,
                "R2": -8.623378750157142
            },
            "Hybrid": {
                "RMSE": 35.671656720533186,
                "MAE": 29.571755025772177,
                "R2": 0.9818182069809358
            }
        },
        "run_005": {
            "SIR": {
                "RMSE": 0.3231060914294511,
                "MAE": 0.17722520497207167,
                "R2": 0.1016547274750551
            },
            "Hybrid": {
                "RMSE": 0.5446922288336115,
                "MAE": 0.17965174644589568,
                "R2": -1.5530266817762088
            }
        },
        "run_006": {
            "SIR": {
                "RMSE": 2.1389105857892145e-20,
                "MAE": 8.097950704265685e-21,
                "R2": 0.0
            },
            "Hybrid": {
                "RMSE": 1.3457236389248732,
                "MAE": 0.8152378893785893,
                "R2": 0.0
            }
        },
        "run_007": {
            "SIR": {
                "RMSE": 1.8804133285481248,
                "MAE": 0.7993659025661248,
                "R2": -0.21809448834990475
            },
            "Hybrid": {
                "RMSE": 0.7573376134815095,
                "MAE": 0.38421625819357225,
                "R2": 0.8024152644903013
            }
        },
        "run_008": {
            "SIR": {
                "RMSE": 5.115518221453365,
                "MAE": 3.84734020488159,
                "R2": -1.278954979632525
            },
            "Hybrid": {
                "RMSE": 2.1823772205933754,
                "MAE": 1.640801856052002,
                "R2": 0.5852216174656978
            }
        },
        "run_009": {
            "SIR": {
                "RMSE": 1259.787178700619,
                "MAE": 1161.327614493306,
                "R2": -5.646490950814981
            },
            "Hybrid": {
                "RMSE": 44.06120647375144,
                "MAE": 37.29924977993271,
                "R2": 0.9918696204704379
            }
        },
        "run_010": {
            "SIR": {
                "RMSE": 20.01946359728514,
                "MAE": 15.520812150081126,
                "R2": 0.7931334314513583
            },
            "Hybrid": {
                "RMSE": 8.434933275582337,
                "MAE": 6.517813789411538,
                "R2": 0.9632761047559827
            }
        },
        "run_011": {
            "SIR": {
                "RMSE": 3.743682760468638,
                "MAE": 2.826791888068021,
                "R2": -1.3086337585190106
            },
            "Hybrid": {
                "RMSE": 2.313021292430166,
                "MAE": 2.0267848113167157,
                "R2": 0.1187153125188315
            }
        },
        "run_012": {
            "SIR": {
                "RMSE": 9.941109244152004,
                "MAE": 9.032023895127033,
                "R2": 0.0
            },
            "Hybrid": {
                "RMSE": 2.8077051462620566,
                "MAE": 2.332322348504908,
                "R2": 0.0
            }
        },
        "run_013": {
            "SIR": {
                "RMSE": 0.12901179786684958,
                "MAE": 0.016869389383911658,
                "R2": -0.015568785759536352
            },
            "Hybrid": {
                "RMSE": 0.12909944487358055,
                "MAE": 0.016666666666666666,
                "R2": -0.016949152542372392
            }
        },
        "run_014": {
            "SIR": {
                "RMSE": 32.78197321534593,
                "MAE": 32.2446407057833,
                "R2": -3.944635399496746
            },
            "Hybrid": {
                "RMSE": 6.100487598503235,
                "MAE": 5.287893315080712,
                "R2": 0.8287647434837819
            }
        },
        "run_015": {
            "SIR": {
                "RMSE": 0.13867402982318391,
                "MAE": 0.019232080340984444,
                "R2": -0.01959285537594324
            },
            "Hybrid": {
                "RMSE": 0.20161717491103806,
                "MAE": 0.09756088622661965,
                "R2": -1.1552197653425162
            }
        },
        "run_016": {
            "SIR": {
                "RMSE": 0.1961161351381838,
                "MAE": 0.038461538461539185,
                "R2": -0.03999999999999759
            },
            "Hybrid": {
                "RMSE": 0.48327689106339405,
                "MAE": 0.17634476439308913,
                "R2": -5.315369204906728
            }
        },
        "run_017": {
            "SIR": {
                "RMSE": 8.097945799253462e-05,
                "MAE": 4.6619925113382284e-05,
                "R2": 0.0
            },
            "Hybrid": {
                "RMSE": 2.157525985129358,
                "MAE": 1.4460506069453536,
                "R2": 0.0
            }
        },
        "run_018": {
            "SIR": {
                "RMSE": 0.4245216990485525,
                "MAE": 0.14760373923181624,
                "R2": -0.13659946117895427
            },
            "Hybrid": {
                "RMSE": 0.4246502900652006,
                "MAE": 0.14754098360655737,
                "R2": -0.13728813559322073
            }
        },
        "run_019": {
            "SIR": {
                "RMSE": 15.06372749872802,
                "MAE": 11.800821303020426,
                "R2": -1.4711992542766748
            },
            "Hybrid": {
                "RMSE": 4.282541154667759,
                "MAE": 3.8590360414066045,
                "R2": 0.8002687807676213
            }
        },
        "run_020": {
            "SIR": {
                "RMSE": 277.87843020748727,
                "MAE": 207.55540543708676,