{
    "C:\\Users\\rishu narwal\\Desktop\\India_20250721_015302\\dataset.csv": {
        "beta": 1.0301026005382083,
        "gamma": 0.9999999999999999,
        "N": 1380000000.0
    }
}