{
    "Dataset_ID": "run_012",
    "SVR": {
        "RMSE": 0.010045076292499287,
        "MAE": 0.010045076292499289,
        "R2": 0.0
    },
    "Naive": {
        "RMSE": 0.0,
        "MAE": 0.0,
        "R2": 1.0
    },
    "SOUP-S1": {
        "RMSE": 5.292706944558862,
        "MAE": 5.229813981026604,
        "R2": 0.0
    },
    "SIR": {
        "RMSE": 3.979500308194579e-05,
        "MAE": 2.4857384565814376e-05,
        "R2": 0.0
    }
}