{
    "Dataset_ID": "run_020",
    "SVR": {
        "RMSE": 1291.3662868872439,
        "MAE": 1272.4843494321817,
        "R2": -13.973937672967619
    },
    "Naive": {
        "RMSE": 122.88693990819367,
        "MAE": 87.9,
        "R2": 0.86440346497042
    },
    "SOUP-S1": {
        "RMSE": 242.55992205900657,
        "MAE": 221.6569222076455,
        "R2": 0.4717065558765968
    },
    "SIR": {
        "RMSE": 2440.8105716227406,
        "MAE": 2403.043592796327,
        "R2": -52.49402592346153
    }
}