{
    "Dataset_ID": "run_011",
    "SVR": {
        "RMSE": 184.1237563720937,
        "MAE": 183.67185064446198,
        "R2": -54.460723144011205
    },
    "Naive": {
        "RMSE": 9.195250490277433,
        "MAE": 7.2894736842105265,
        "R2": 0.8616774444983211
    },
    "SOUP-S1": {
        "RMSE": 24.7469140749508,
        "MAE": 20.12800045625125,
        "R2": -0.001862164599977012
    },
    "Naive-SVR": {
        "RMSE": 12.607669401476954,
        "MAE": 9.808830063833431,
        "R2": 0.7399627890050949
    },
    "SIR": {
        "RMSE": 47.69751179651772,
        "MAE": 40.78947368421053,
        "R2": -2.7218367781609554
    }
}