{
    "Dataset_ID": "run_015",
    "SVR": {
        "RMSE": 2.2660302295298487,
        "MAE": 2.2613926078772737,
        "R2": -271.2500132370772
    },
    "Naive": {
        "RMSE": 0.19611613513818404,
        "MAE": 0.038461538461538464,
        "R2": -1.0392156862745097
    },
    "SOUP-S1": {
        "RMSE": 0.1613441220103483,
        "MAE": 0.031042276404256462,
        "R2": -0.3802024924022076
    },
    "SIR": {
        "RMSE": 0.16645173476359032,
        "MAE": 0.117651545032622,
        "R2": -0.46897079873934344
    }
}