{
    "Dataset_ID": "run_019",
    "SVR": {
        "RMSE": 564.3795318664539,
        "MAE": 564.3313816219136,
        "R2": -3467.848819734492
    },
    "Naive": {
        "RMSE": 5.917916789752521,
        "MAE": 4.282608695652174,
        "R2": 0.6186001029336079
    },
    "SOUP-S1": {
        "RMSE": 8.130446650908574,
        "MAE": 6.821761292273809,
        "R2": 0.28010083188491897
    },
    "SIR": {
        "RMSE": 26.76510827836046,
        "MAE": 23.218024060367437,
        "R2": -6.801549566435371
    }
}