{
    "Dataset_ID": "run_010",
    "SVR": {
        "RMSE": 89.87522844162582,
        "MAE": 86.2834421841677,
        "R2": -3.169322136088211
    },
    "Naive": {
        "RMSE": 22.84075305238424,
        "MAE": 16.566666666666666,
        "R2": 0.7307186513737634
    },
    "SOUP-S1": {
        "RMSE": 49.46057839986833,
        "MAE": 43.46031243075048,
        "R2": -0.26271057751255533
    },
    "SIR": {
        "RMSE": 435.4042826761742,
        "MAE": 415.0914782510608,
        "R2": -96.8522530930842
    }
}