{
    "Dataset_ID": "run_016",
    "SVR": {
        "RMSE": 3.5705694064257507,
        "MAE": 3.565299191059108,
        "R2": -343.73203756023975
    },
    "Naive": {
        "RMSE": 0.2773500981126146,
        "MAE": 0.07692307692307693,
        "R2": -1.0800000000000005
    },
    "SOUP-S1": {
        "RMSE": 1.1705514101207664,
        "MAE": 0.6735864646133879,
        "R2": -36.04995392501373
    },
    "SIR": {
        "RMSE": 8.94030276909998,
        "MAE": 7.878858619153037,
        "R2": -2160.2805278298993
    }
}