{
    "Dataset_ID": "run_013",
    "SVR": {
        "RMSE": 38.439027983622395,
        "MAE": 38.43879932315837,
        "R2": -90155.1345825854
    },
    "Naive": {
        "RMSE": 0.18257418583505536,
        "MAE": 0.03333333333333333,
        "R2": -1.0338983050847448
    },
    "SOUP-S1": {
        "RMSE": 3.6358286241327997,
        "MAE": 3.0784883323561147,
        "R2": -805.5982919089533
    },
    "SIR": {
        "RMSE": 0.44633110473696935,
        "MAE": 0.3383734407605921,
        "R2": -11.155275223739057
    }
}