{
    "target_used": "Reported_Cases",
    "lags": 7,
    "test_frac": 0.2,
    "svr_params": {
        "C": 1000,
        "epsilon": 0.5,
        "gamma": 0.01,
        "kernel": "rbf"
    },
    "feature_cols": [
        "Day",
        "SIR_Base",
        "Susceptible",
        "Infected",
        "Recovered",
        "New_Infections",
        "New_Recoveries",
        "Reported_Cases",
        "Beta_Effective",
        "Season_Index",
        "Intervention_Flag",
        "Quarantine_Fraction",
        "Reporting_Prob",
        "MultiWave_Flag",
        "Target_lag1",
        "Target_lag2",
        "Target_lag3",
        "Target_lag4",
        "Target_lag5",
        "Target_lag6",
        "Target_lag7"
    ],
    "overall_metrics": {
        "SIR": {
            "RMSE": 144.63717489482787,
            "MAE": 35.5947453351523,
            "R2": 0.8626742829794717
        },
        "Hybrid": {
            "RMSE": 19.158036039990048,
            "MAE": 5.251906988231312,
            "R2": 0.9975906827709461
        }
    },
    "per_dataset_metrics": {
        "run_001": {
            "SIR": {
                "RMSE": 1.5436811604569995e-29,
                "MAE": 4.900605821139927e-30,
                "R2": 0.0
            },
            "Hybrid": {
                "RMSE": 0.13928513646405233,
                "MAE": 0.05211819161252542,
                "R2": 0.0
            }
        },
        "run_002": {
            "SIR": {
                "RMSE": 3.8040356413261858,
                "MAE": 2.457298004517598,
                "R2": -0.6915999061599374
            },
            "Hybrid": {
                "RMSE": 4.64423189344633,
                "MAE": 4.508427040915767,
                "R2": -1.521368314616237
            }
        },
        "run_003": {
            "SIR": {
                "RMSE": 0.6813851345883896,
                "MAE": 0.32142858188902335,
                "R2": -0.2862190462339984
            },
            "Hybrid": {
                "RMSE": 0.6838514249291352,
                "MAE": 0.3782364466407184,
                "R2": -0.29554690021217356
            }
        },
        "run_004": {
            "SIR": {
                "RMSE": 172.34936836131698,
                "MAE": 168.07459057402133,
                "R2": -0.37326908912033474
            },
            "Hybrid": {
                "RMSE": 27.728529739278333,
                "MAE": 26.772135678822647,
                "R2": 0.964454065419991
            }
        },
        "run_005": {
            "SIR": {
                "RMSE": 4.0234971466122074e-35,
                "MAE": 1.1707242750485398e-35,
                "R2": 0.0
            },
            "Hybrid": {
                "RMSE": 0.18979531317965265,
                "MAE": 0.07599873870028159,
                "R2": 0.0
            }
        },
        "run_006": {
            "SIR": {
                "RMSE": 5.396482019803686,
                "MAE": 3.758058098348605,
                "R2": -0.6474045436387927
            },
            "Hybrid": {
                "RMSE": 1.3121636850023253,
                "MAE": 1.1648632870723583,
                "R2": 0.9026009279918423
            }
        },
        "run_007": {
            "SIR": {
                "RMSE": 0.803774995196262,
                "MAE": 0.44886471270829437,
                "R2": -0.4436966321849183
            },
            "Hybrid": {
                "RMSE": 0.4993395298835841,
                "MAE": 0.4120890764016806,
                "R2": 0.4428157182025504
            }
        },
        "run_008": {
            "SIR": {
                "RMSE": 9.107702024707948e-13,
                "MAE": 4.0313728221471447e-13,
                "R2": 0.0
            },
            "Hybrid": {
                "RMSE": 0.007918483187809116,
                "MAE": 0.0016122776879401491,
                "R2": 0.0
            }
        },
        "run_009": {
            "SIR": {
                "RMSE": 120.65289750417836,
                "MAE": 105.04663778616619,
                "R2": 0.06221346194135147
            },
            "Hybrid": {
                "RMSE": 25.97953540121795,
                "MAE": 23.85363594451328,
                "R2": 0.9565198290952954
            }
        },
        "run_010": {
            "SIR": {
                "RMSE": 2.0746989504588518e-17,
                "MAE": 7.851467987514348e-18,
                "R2": 0.0
            },
            "Hybrid": {
                "RMSE": 0.1254262256333593,
                "MAE": 0.04115699205445098,
                "R2": 0.0
            }
        },
        "run_011": {
            "SIR": {
                "RMSE": 10.915112303174897,
                "MAE": 9.302296217504898,
                "R2": 0.8050953090405897
            },
            "Hybrid": {
                "RMSE": 3.014095015276941,
                "MAE": 2.3813359717476446,
                "R2": 0.9851379146016733
            }
        },
        "run_012": {
            "SIR": {
                "RMSE": 2.9036035668333555e-10,
                "MAE": 1.4153751988760965e-10,
                "R2": 0.0
            },
            "Hybrid": {
                "RMSE": 0.0,
                "MAE": 0.0,
                "R2": 1.0
            }
        },
        "run_013": {
            "SIR": {
                "RMSE": 383.2992279745985,
                "MAE": 322.393882092779,
                "R2": 0.33553951295898143
            },
            "Hybrid": {
                "RMSE": 14.084894072770576,
                "MAE": 11.48553838321165,
                "R2": 0.9991027769102347
            }
        },
        "run_014": {
            "SIR": {
                "RMSE": 18.882883238531793,
                "MAE": 16.24772166271812,
                "R2": -2.8090297980987593
            },
            "Hybrid": {
                "RMSE": 1.2402991088681974,
                "MAE": 0.9907040480940188,
                "R2": 0.983566479228082
            }
        },
        "run_015": {
            "SIR": {
                "RMSE": 702.9131518486098,
                "MAE": 636.3842256460714,
                "R2": -28.876538548763996
            },
            "Hybrid": {
                "RMSE": 110.67121831500518,
                "MAE": 98.76631620393603,
                "R2": 0.25937848763691174
            }
        },
        "run_016": {
            "SIR": {
                "RMSE": 8.202366321060752e-05,
                "MAE": 4.9192665657563195e-05,
                "R2": 0.0
            },
            "Hybrid": {
                "RMSE": 0.03965341911415059,
                "MAE": 0.005077100062047301,
                "R2": 0.0
            }
        },
        "run_017": {
            "SIR": {
                "RMSE": 1.742303115434265e-06,
                "MAE": 1.0386376877806594e-06,
                "R2": 0.0
            },
            "Hybrid": {
                "RMSE": 0.3733611664210451,
                "MAE": 0.26044557699672727,
                "R2": 0.0
            }
        },
        "run_018": {
            "SIR": {
                "RMSE": 1.7133571208651475e-10,
                "MAE": 8.02913547322881e-11,
                "R2": 0.0
            },
            "Hybrid": {
                "RMSE": 0.8676320574896332,
                "MAE": 0.8295334517484829,
                "R2": 0.0
            }
        },
        "run_019": {
            "SIR": {
                "RMSE": 2.2619538443756284e-20,
                "MAE": 8.353928163202044e-21,
                "R2": 0.0
            },
            "Hybrid": {
                "RMSE": 0.035091046140045226,
                "MAE": 0.005013006591435032,
                "R2": 0.0
            }
        },
        "run_020": {
            "SIR": {
                "RMSE": 0.17407765595526442,
                "MAE": 0.030303030303599807,
                "R2": -0.031249999994864552
            },
            "Hybrid": {
                "RMSE": 0.35237278063370914,