Dataset_ID,Naive_RMSE,Naive_MAE,Naive_R2,SVR_RMSE,SVR_MAE,SVR_R2,SIR_RMSE,SIR_MAE,SIR_R2,SOUP-S1_RMSE,SOUP-S1_MAE,SOUP-S1_R2,Naive-SVR_RMSE,Naive-SVR_MAE,Naive-SVR_R2
run_011,9.195250490277433,7.2894736842105265,0.8616774444983211,184.1237563720937,183.67185064446198,-54.460723144011205,47.69751179651772,40.78947368421053,-2.7218367781609554,24.7469140749508,20.12800045625125,-0.001862164599977012,12.607669401476954,9.808830063833431,0.7399627890050949
