Dataset_ID,Naive_RMSE,Naive_MAE,Naive_R2,SIR_RMSE,SIR_MAE,SIR_R2,SOUP-S1_RMSE,SOUP-S1_MAE,SOUP-S1_R2,Naive-SVR_RMSE,Naive-SVR_MAE,Naive-SVR_R2
run_001,871.4878844711974,177.0331950207469,0.9095249300990312,2597.449680083808,1258.9997171486045,0.1962879029015704,2382.7281638382283,785.369168979112,0.32367535070991194,1168.6520437056056,280.467721237435,0.8373040787749881
run_002,32.01916696511789,14.917874396135266,0.9249639226914084,142.89026706643486,83.61642948940415,-0.49436043465946944,68.0744930594423,38.457178642451346,0.6608288559018811,35.82252418799067,16.770429800976338,0.9060790592989824
run_003,196.87928325223314,110.6,0.9563174454448494,252.71885651988933,138.6093206420349,0.9280247330350696,280.0234404841832,154.10266896012723,0.9116316465057769,262.7350427693051,138.60978212694866,0.9222063781164579
run_004,218.4847789651622,69.68707482993197,0.9658687424499548,1275.7444516496732,472.60379766538074,-0.16368997529913765,733.976278043078,265.27268755510204,0.6148109219387463,301.305628664213,104.20317932895036,0.935088087315488
run_005,873.7222560088311,310.64516129032256,0.8411424383722851,1222.7765654789937,655.8478595548212,0.6888603857831139,1114.8072118253922,475.9699928880216,0.7413808772361783,1194.478219729418,446.27109580084596,0.7030949629881278
run_006,1942.7021633189784,511.82781456953643,0.9094444641749985,5550.113753951137,2329.8176355790106,0.26089468401027893,4837.525430320984,1654.8574951829135,0.43850088093409445,3142.400496605946,899.167825730268,0.7630669600888358
