{
  "target": "Reported_Cases",
  "features": [
    "Intervention_Flag",
    "MultiWave_Flag",
    "Reported_Cases_lag1",
    "Reported_Cases_lag2",
    "Reported_Cases_lag3",
    "Beta_Effective",
    "Season_Index",
    "Reporting_Prob"
  ],
  "svr_params": {
    "C": 100,
    "epsilon": 0.01,
    "gamma": 0.1
  },
  "SVR": {
    "RMSE": 136.6244946541003,
    "MAE": 124.91000884362848,
    "R2": -188.21815307484997
  },
  "Naive": {
    "RMSE": 5.336197147782305,
    "MAE": 4.025,
    "R2": 0.7113514403917917
  },
  "notes": [
    "SVR predictions clipped to >= 0",
    "Naive baseline corrected"
  ],
  "SIR": {
    "RMSE": 8.922349311542948,
    "MAE": 6.622323483373753,
    "R2": 0.19301752051454024
  },
  "SIR_params": {
    "beta": 0.33234296342521646,
    "gamma": 0.3186083049874637
  }
}