{
    "Dataset_ID": "run_009",
    "SVR": {
        "RMSE": 2836.767543238406,
        "MAE": 2805.686017477282,
        "R2": -32.701214217674696
    },
    "Naive": {
        "RMSE": 166.99068503628845,
        "MAE": 131.0,
        "R2": 0.8832162162137708
    },
    "SOUP-S1": {
        "RMSE": 127.35749444178731,
        "MAE": 99.5741696575604,
        "R2": 0.9320722761220929
    },
    "SIR": {
        "RMSE": 157.4315257591252,
        "MAE": 116.73147258203595,
        "R2": 0.8962037989482701
    }
}