{
    "Dataset_ID": "run_002",
    "SVR": {
        "RMSE": 295.03647050929044,
        "MAE": 294.22878978543315,
        "R2": -50.322814325307334
    },
    "Naive": {
        "RMSE": 11.96622230240088,
        "MAE": 9.285714285714286,
        "R2": 0.9155745880138295
    },
    "SOUP-S1": {
        "RMSE": 22.226036088346227,
        "MAE": 20.573092664537576,
        "R2": 0.7087384974525353
    },
    "SIR": {
        "RMSE": 183.9121309810705,
        "MAE": 182.69197953337635,
        "R2": -18.942509536047698
    }
}