{
    "Dataset_ID": "run_004",
    "SVR": {
        "RMSE": 275.53634967720916,
        "MAE": 222.9177090667041,
        "R2": -0.08479568876889254
    },
    "Naive": {
        "RMSE": 354.7554412224329,
        "MAE": 269.2692307692308,
        "R2": -0.7982425932974726
    },
    "SOUP-S1": {
        "RMSE": 350.3865704218471,
        "MAE": 264.3133557762203,
        "R2": -0.7542240221307235
    },
    "SIR": {
        "RMSE": 1450.7531648063152,
        "MAE": 1368.5657374322977,
        "R2": -29.07303105313913
    }
}