{
    "Dataset_ID": "run_017",
    "SVR": {
        "RMSE": 3.483775304325036,
        "MAE": 3.483775304325036,
        "R2": 0.0
    },
    "Naive": {
        "RMSE": 0.0,
        "MAE": 0.0,
        "R2": 1.0
    },
    "SOUP-S1": {
        "RMSE": 0.7866710283723487,
        "MAE": 0.512923381714842,
        "R2": 0.0
    },
    "SIR": {
        "RMSE": 0.3229465160243941,
        "MAE": 0.24647916926588687,
        "R2": 0.0
    }
}