{
    "Dataset_ID": "run_007",
    "SVR": {
        "RMSE": 12.60310657353603,
        "MAE": 12.53951199296984,
        "R2": -53.71791668933807
    },
    "Naive": {
        "RMSE": 1.6212869667555552,
        "MAE": 0.6857142857142857,
        "R2": 0.09448818897637812
    },
    "SOUP-S1": {
        "RMSE": 1.8667614885744734,
        "MAE": 1.2806682936342124,
        "R2": -0.20047190878806487
    },
    "SIR": {
        "RMSE": 4.559930512511891,
        "MAE": 4.104385950888447,
        "R2": -6.162931296877888
    }
}