{
    "Dataset_ID": "run_006",
    "SVR": {
        "RMSE": 0.010282078598891077,
        "MAE": 0.010282078598891076,
        "R2": 0.0
    },
    "Naive": {
        "RMSE": 0.0,
        "MAE": 0.0,
        "R2": 1.0
    },
    "SOUP-S1": {
        "RMSE": 1.4473431054533576,
        "MAE": 1.0545501973611686,
        "R2": 0.0
    },
    "SIR": {
        "RMSE": 0.0028377469128498243,
        "MAE": 0.0021427371972664493,
        "R2": 0.0
    }
}