{
    "Dataset_ID": "run_005",
    "SVR": {
        "RMSE": 9.332758198205376,
        "MAE": 9.32531163887618,
        "R2": -748.5023915986364
    },
    "Naive": {
        "RMSE": 0.46770717334674267,
        "MAE": 0.15625,
        "R2": -0.8823529411764706
    },
    "SOUP-S1": {
        "RMSE": 2.077892669440691,
        "MAE": 1.9699579685356055,
        "R2": -36.15345593623975
    },
    "SIR": {
        "RMSE": 4.568804126209056,
        "MAE": 3.8160374206725014,
        "R2": -178.6213987488475
    }
}