{
    "Dataset_ID": "run_014",
    "SVR": {
        "RMSE": 31.718533698350065,
        "MAE": 27.277788738026874,
        "R2": -3.6290332054120347
    },
    "Naive": {
        "RMSE": 7.956449254897734,
        "MAE": 6.220338983050848,
        "R2": 0.7087253520568261
    },
    "SOUP-S1": {
        "RMSE": 7.3476468992383355,
        "MAE": 5.421708084355867,
        "R2": 0.7515948207775761
    },
    "SIR": {
        "RMSE": 43.59486163822681,
        "MAE": 43.07048186370266,
        "R2": -7.744494295361099
    }
}