{
    "Dataset_ID": "run_008",
    "SVR": {
        "RMSE": 70.56594901968164,
        "MAE": 70.51290420951929,
        "R2": -432.65748534791373
    },
    "Naive": {
        "RMSE": 3.724032901658037,
        "MAE": 2.9210526315789473,
        "R2": -0.20776792714552816
    },
    "SOUP-S1": {
        "RMSE": 4.190540457632943,
        "MAE": 3.6595278817117673,
        "R2": -0.5293135967838185
    },
    "SIR": {
        "RMSE": 10.344165047866985,
        "MAE": 8.877256010542792,
        "R2": -8.318528905142559
    }
}