{
    "Dataset_ID": "run_003",
    "SVR": {
        "RMSE": 1.6319604064076432,
        "MAE": 1.631960406407643,
        "R2": 0.0
    },
    "Naive": {
        "RMSE": 0.0,
        "MAE": 0.0,
        "R2": 1.0
    },
    "SOUP-S1": {
        "RMSE": 0.49683212947649574,
        "MAE": 0.21526803879943435,
        "R2": 0.0
    },
    "SIR": {
        "RMSE": 0.011630747132707914,
        "MAE": 0.008364034496601917,
        "R2": 0.0
    }
}